<application>
  <component name="AtomFileIconsConfig">
    <option name="accentColorEnabled" value="true" />
    <option name="monochromeIcons" value="true" />
    <option name="isMonochromeIcons" value="true" />
    <option name="monochromeColor" value="546e7a" />
    <option name="arrowsStyle" value="Plus-Minus" />
    <option name="isAccentColorEnabled" value="true" />
    <option name="accentColor" value="af9687" />
    <option name="themedColor" value="727272" />
  </component>
</application>